{"last_update":1580309993217,"data":[{"id_str":"3218947539","name":"ً","screen_name":"ProgressBar201X","description":"","followers_count":76,"friends_count":62,"created_at":"Tue Apr 28 21:46:48 +0000 2015","last_tweet_date":"Sun Jan 26 20:28:59 +0000 2020","favourites_count":134,"verified":false,"statuses_count":280,"profile_background_image_url_https":"https://abs.twimg.com/images/themes/theme1/bg.png","profile_image_url_https":"https://pbs.twimg.com/profile_images/1221107866670641158/u4K-QU1N_normal.jpg"},{"id_str":"21368211","name":"ColorSchemer","screen_name":"ColorSchemer","description":"Creating color inspiration","followers_count":596,"friends_count":8,"created_at":"Fri Feb 20 03:01:59 +0000 2009","last_tweet_date":"Wed Feb 18 17:42:18 +0000 2015","favourites_count":13,"verified":false,"statuses_count":157,"profile_background_image_url_https":"https://abs.twimg.com/images/themes/theme1/bg.png","profile_image_url_https":"https://pbs.twimg.com/profile_images/420695722/icon_normal.png"},{"id_str":"4740753023","name":"Edgar Degas","screen_name":"artistdegas","description":"Fan account of Edgar Degas, a French artist famous for his paintings, sculptures, prints, and drawings. Account managed by @andreitr","followers_count":11337,"friends_count":69,"created_at":"Fri Jan 08 03:40:02 +0000 2016","last_tweet_date":"Wed Jan 29 10:31:07 +0000 2020","favourites_count":876,"verified":false,"statuses_count":24512,"profile_background_image_url_https":null,"profile_image_url_https":"https://pbs.twimg.com/profile_images/685310156402339841/L1IIP4kV_normal.jpg"},{"id_str":"3702790037","name":"Egon Schiele","screen_name":"artistschiele","description":"Fan account of Egon Schiele, a major figurative painter of the early 20th century. Account managed by @andreitr","followers_count":11655,"friends_count":93,"created_at":"Sat Sep 19 02:52:59 +0000 2015","last_tweet_date":"Wed Jan 29 14:05:49 +0000 2020","favourites_count":1382,"verified":false,"statuses_count":18482,"profile_background_image_url_https":"https://abs.twimg.com/images/themes/theme1/bg.png","profile_image_url_https":"https://pbs.twimg.com/profile_images/645068375555710976/X5neuJV8_normal.jpg"},{"id_str":"3622154472","name":"Paul Gauguin","screen_name":"artistgauguin","description":"Fan account of Paul Gauguin, a French Post-Impressionist painter and an important figure in the Symbolist movement. Account managed by @andreitr","followers_count":11939,"friends_count":100,"created_at":"Sun Sep 20 02:27:04 +0000 2015","last_tweet_date":"Wed Jan 29 10:53:10 +0000 2020","favourites_count":1043,"verified":false,"statuses_count":25403,"profile_background_image_url_https":"https://abs.twimg.com/images/themes/theme1/bg.png","profile_image_url_https":"https://pbs.twimg.com/profile_images/645425383655890944/xtOohjUi_normal.jpg"},{"id_str":"4230124083","name":"Camille Pissarro","screen_name":"artpissarro","description":"Fan account of Camille Pissarro, a Danish-French Impressionist and Neo-Impressionist painter. Tweets by @andreitr","followers_count":11996,"friends_count":83,"created_at":"Thu Nov 19 23:41:38 +0000 2015","last_tweet_date":"Wed Jan 29 14:00:57 +0000 2020","favourites_count":913,"verified":false,"statuses_count":25484,"profile_background_image_url_https":"https://abs.twimg.com/images/themes/theme1/bg.png","profile_image_url_https":"https://pbs.twimg.com/profile_images/667489974061826049/h65W8k81_normal.jpg"},{"id_str":"3702502996","name":"Gustav Klimt","screen_name":"artistgklimt","description":"Fan account of Gustav Klimt, an Austrian symbolist painter, whose primary subject was the female body. Account managed by @andreitr","followers_count":12746,"friends_count":188,"created_at":"Sat Sep 19 02:05:53 +0000 2015","last_tweet_date":"Wed Jan 29 14:20:14 +0000 2020","favourites_count":634,"verified":false,"statuses_count":10512,"profile_background_image_url_https":"https://abs.twimg.com/images/themes/theme1/bg.png","profile_image_url_https":"https://pbs.twimg.com/profile_images/645061487292059648/zhbP3c0N_normal.jpg"},{"id_str":"819801657957490689","name":"Edward Hopper","screen_name":"artisthopper","description":"Fan account of Edward Hopper, a prominent American realist artist. His calculated renderings reflected his vision of modern American life. Managed by @andreitr","followers_count":12754,"friends_count":78,"created_at":"Fri Jan 13 07:02:01 +0000 2017","last_tweet_date":"Wed Jan 29 13:10:41 +0000 2020","favourites_count":189,"verified":false,"statuses_count":14777,"profile_background_image_url_https":null,"profile_image_url_https":"https://pbs.twimg.com/profile_images/901191360329338880/sW5zdfwH_normal.jpg"},{"id_str":"705215650986332162","name":"space traveler","screen_name":"spacetravelbot","description":"just a bot recalling your time in deep space. inspired by a twine by @inurashii. (https://t.co/l6XmdEcZ30) baby of @hologramvin // #botALLY","followers_count":12780,"friends_count":4,"created_at":"Thu Mar 03 02:18:08 +0000 2016","last_tweet_date":"Wed Jan 29 14:18:25 +0000 2020","favourites_count":5,"verified":false,"statuses_count":33699,"profile_background_image_url_https":"https://abs.twimg.com/images/themes/theme1/bg.png","profile_image_url_https":"https://pbs.twimg.com/profile_images/1222098340223037446/vZCW5Vtf_normal.jpg"},{"id_str":"704710571187376129","name":"Edouard Manet","screen_name":"artistmanet","description":"Fan account of Edouard Manet, a French painter and a pivotal figure in the transition from Realism to Impressionism. Account managed by @andreitr","followers_count":13212,"friends_count":120,"created_at":"Tue Mar 01 16:51:07 +0000 2016","last_tweet_date":"Wed Jan 29 04:20:24 +0000 2020","favourites_count":697,"verified":false,"statuses_count":12875,"profile_background_image_url_https":"https://abs.twimg.com/images/themes/theme1/bg.png","profile_image_url_https":"https://pbs.twimg.com/profile_images/704715913224982528/MopD0l6V_normal.jpg"},{"id_str":"816486921920770048","name":"Dune Quotes","screen_name":"DuneQuoteBot","description":"A bot that spits out a random quote from Frank Herbert's six Dune books every 6ish hours, though spit is a terrible waste of water. Bot by @thatjasonweiser.","followers_count":15159,"friends_count":0,"created_at":"Wed Jan 04 03:30:26 +0000 2017","last_tweet_date":"Wed Jan 29 11:15:48 +0000 2020","favourites_count":0,"verified":false,"statuses_count":4452,"profile_background_image_url_https":null,"profile_image_url_https":"https://pbs.twimg.com/profile_images/816526577588699136/XTxeasyb_normal.jpg"},{"id_str":"3820960634","name":"Paul Cezanne","screen_name":"cezanneart","description":"Fan account of Paul Cezanne, a French artist and Post-Impressionist. Account managed by @andreitr","followers_count":16436,"friends_count":102,"created_at":"Thu Oct 08 03:10:07 +0000 2015","last_tweet_date":"Wed Jan 29 14:51:34 +0000 2020","favourites_count":1276,"verified":false,"statuses_count":26075,"profile_background_image_url_https":"https://abs.twimg.com/images/themes/theme1/bg.png","profile_image_url_https":"https://pbs.twimg.com/profile_images/651961596504178688/xJhFOx56_normal.jpg"},{"id_str":"3910165539","name":"Vincent van Gogh","screen_name":"vangoghartist","description":"Fan account of Vincent van Gogh, a Dutch (post-Impressionist) artist whose work had a far-reaching influence on 20th-century art. Tweets by @andreitr","followers_count":22399,"friends_count":121,"created_at":"Fri Oct 09 15:54:44 +0000 2015","last_tweet_date":"Wed Jan 29 14:25:38 +0000 2020","favourites_count":1943,"verified":false,"statuses_count":33219,"profile_background_image_url_https":"https://abs.twimg.com/images/themes/theme1/bg.png","profile_image_url_https":"https://pbs.twimg.com/profile_images/652513178593701888/43bCF6Tm_normal.jpg"},{"id_str":"4718054487","name":"Claude Monet","screen_name":"artistmonet","description":"Fan account of Claude Monet, a founder of French Impressionist painting, and the most prolific practitioner of movement's philosophy. Managed by @andreitr","followers_count":28585,"friends_count":277,"created_at":"Tue Jan 05 20:40:28 +0000 2016","last_tweet_date":"Wed Jan 29 13:45:41 +0000 2020","favourites_count":4404,"verified":false,"statuses_count":36201,"profile_background_image_url_https":null,"profile_image_url_https":"https://pbs.twimg.com/profile_images/684477360318590977/D7x2P3-X_normal.jpg"},{"id_str":"832713845323948032","name":"Bot of the U.S.","screen_name":"BOTUS","description":"I’m a stock-trading bot created by the podcast @PlanetMoney. I watch @realDonaldTrump and trade stocks. Hear my life story: https://t.co/TgwOn3refV","followers_count":29632,"friends_count":1,"created_at":"Fri Feb 17 22:10:26 +0000 2017","last_tweet_date":"Wed Oct 09 20:23:37 +0000 2019","favourites_count":0,"verified":false,"statuses_count":93,"profile_background_image_url_https":"https://abs.twimg.com/images/themes/theme1/bg.png","profile_image_url_https":"https://pbs.twimg.com/profile_images/849713313520988161/v47AHeKV_normal.jpg"},{"id_str":"1240421984","name":"Developers Swearing","screen_name":"gitlost","description":"Unfiltered commit messages containing profanity from GitHub's API. Picture is of a burning NeXT Cube. Developed by @uiri00","followers_count":33712,"friends_count":5,"created_at":"Mon Mar 04 03:44:49 +0000 2013","last_tweet_date":"Wed Jan 29 09:03:05 +0000 2020","favourites_count":0,"verified":false,"statuses_count":54603,"profile_background_image_url_https":"https://abs.twimg.com/images/themes/theme1/bg.png","profile_image_url_https":"https://pbs.twimg.com/profile_images/3336578378/a60d4b744784d4ab05ee1846234e0708_normal.jpeg"},{"id_str":"3131670665","name":"The Sorting Hat Bot","screen_name":"SortingBot","description":"This bot is no longer supported by Twitter. It was nice while it lasted! Thanks everyone for enjoying it. -@tinysubversions","followers_count":34032,"friends_count":1,"created_at":"Fri Apr 03 19:27:31 +0000 2015","last_tweet_date":"Thu Aug 16 19:22:10 +0000 2018","favourites_count":3,"verified":false,"statuses_count":108080,"profile_background_image_url_https":"https://abs.twimg.com/images/themes/theme1/bg.png","profile_image_url_https":"https://pbs.twimg.com/profile_images/584076161325473793/gufAEGJv_normal.png"},{"id_str":"711272149168877568","name":"Threat Update","screen_name":"threat_update","description":"Monitoring trends and crunching key metrics to evaluate existential risk. Powered by science. Patents applied for. Overseen by @dullthud. You're welcome.","followers_count":34635,"friends_count":0,"created_at":"Sat Mar 19 19:24:29 +0000 2016","last_tweet_date":"Wed Jan 29 12:56:53 +0000 2020","favourites_count":1,"verified":false,"statuses_count":5466,"profile_background_image_url_https":null,"profile_image_url_https":"https://pbs.twimg.com/profile_images/712402583437103105/QPlAJd9g_normal.jpg"},{"id_str":"39750199","name":"TwBirthday","screen_name":"TwBirthday","description":"Forget your real birthday - the day you joined Twitter counts!","followers_count":35130,"friends_count":199,"created_at":"Wed May 13 13:31:58 +0000 2009","last_tweet_date":"Sat Jun 09 11:09:50 +0000 2018","favourites_count":0,"verified":false,"statuses_count":953880,"profile_background_image_url_https":"https://abs.twimg.com/images/themes/theme1/bg.png","profile_image_url_https":"https://pbs.twimg.com/profile_images/1128112250/twitter_avatar_normal.png"},{"id_str":"701133013262983168","name":"a strange voyage","screen_name":"str_voyage","description":"a bot forever voyaging. endless nautical story generator by @joebaxterwebb","followers_count":36156,"friends_count":39,"created_at":"Sat Feb 20 19:55:11 +0000 2016","last_tweet_date":"Wed Jan 29 14:55:32 +0000 2020","favourites_count":185,"verified":false,"statuses_count":69677,"profile_background_image_url_https":null,"profile_image_url_https":"https://pbs.twimg.com/profile_images/701133377584422914/F1Ggn4aY_normal.png"},{"id_str":"922368681979666432","name":"Louis Theroux Bot","screen_name":"louistherouxbot","description":"Randomly generated Louis Theroux documentaries / A bot by @ultrabrilliant / \"Pretty funny.\" — Louis Theroux","followers_count":38702,"friends_count":2,"created_at":"Mon Oct 23 07:46:45 +0000 2017","last_tweet_date":"Wed Jan 29 06:33:48 +0000 2020","favourites_count":0,"verified":false,"statuses_count":1676,"profile_background_image_url_https":"https://abs.twimg.com/images/themes/theme1/bg.png","profile_image_url_https":"https://pbs.twimg.com/profile_images/922375880248365056/fuN0blMO_normal.jpg"},{"id_str":"2950535441","name":"everybird reruns","screen_name":"_everybird_","description":"Robot finished posting every bird on the planet. Mostly accurate. Now posting reruns until the end of time. By @nah_solo. See below for list of birds","followers_count":42821,"friends_count":15,"created_at":"Tue Dec 30 03:31:39 +0000 2014","last_tweet_date":"Wed Jan 29 12:02:03 +0000 2020","favourites_count":2194,"verified":false,"statuses_count":9886,"profile_background_image_url_https":"https://abs.twimg.com/images/themes/theme1/bg.png","profile_image_url_https":"https://pbs.twimg.com/profile_images/921907728087384064/CsVGbtoQ_normal.jpg"},{"id_str":"799573489","name":"♥アスキーアートbot*","screen_name":"TwitAA_bot","description":"(・´з`・)Twitterで使えるAAをつぶやくbotです。あなたのTLを華やかにします。自由にパクツイしてね！　新しいAAは随時追加します。*過去のAAが見たい場合はTwilogをご覧ください。*アイコン @Ponsu_kontsu","followers_count":44013,"friends_count":8066,"created_at":"Mon Sep 03 03:52:08 +0000 2012","last_tweet_date":"Wed Jan 29 14:48:38 +0000 2020","favourites_count":26568,"verified":false,"statuses_count":147938,"profile_background_image_url_https":"https://abs.twimg.com/images/themes/theme14/bg.gif","profile_image_url_https":"https://pbs.twimg.com/profile_images/693812801538658304/YMiz-Q5q_normal.jpg"},{"id_str":"962786546503028741","name":"Least Used Emoji Bot","screen_name":"leastUsedEmoji","description":"Dedicated to informing the masses on which emoji is the least used. Checks https://t.co/yga5oSEMSM hourly and tweets at least daily.   Made by @nocturnalBadger","followers_count":44872,"friends_count":0,"created_at":"Sun Feb 11 20:32:55 +0000 2018","last_tweet_date":"Wed Jan 29 12:43:51 +0000 2020","favourites_count":2,"verified":false,"statuses_count":992,"profile_background_image_url_https":null,"profile_image_url_https":"https://pbs.twimg.com/profile_images/1222500602153963522/SQ-dD1nB_normal.png"},{"id_str":"34561870","name":"Magic 8 Ball","screen_name":"8ball_","description":"Answering your questions since 2010! To ask, tweet \"Dear @8ball_\" and include a \"?\" • Created by @madsen","followers_count":46313,"friends_count":1,"created_at":"Thu Apr 23 07:37:06 +0000 2009","last_tweet_date":"Fri Mar 24 18:09:12 +0000 2017","favourites_count":0,"verified":false,"statuses_count":1212588,"profile_background_image_url_https":"https://abs.twimg.com/images/themes/theme14/bg.gif","profile_image_url_https":"https://pbs.twimg.com/profile_images/1004249411424145408/MnZgoVkZ_normal.jpg"},{"id_str":"2563336933","name":"every word is gay","screen_name":"everywordisgay","description":"This bot is currently inactive. It may continue at some point.","followers_count":49439,"friends_count":0,"created_at":"Thu Jun 12 12:28:30 +0000 2014","last_tweet_date":"Tue Oct 17 02:05:28 +0000 2017","favourites_count":0,"verified":false,"statuses_count":84134,"profile_background_image_url_https":"https://abs.twimg.com/images/themes/theme1/bg.png","profile_image_url_https":"https://pbs.twimg.com/profile_images/479017872862085120/sFR9jcrj_normal.png"},{"id_str":"967357425660694528","name":"Bot du cul","screen_name":"BotDuCul","description":"Tweete du cul tous les mots du cul de la langue française du cul. Mission du cul terminée en octobre 2020 du cul. Bot par @White_fangs","followers_count":52167,"friends_count":1,"created_at":"Sat Feb 24 11:15:57 +0000 2018","last_tweet_date":"Wed Jan 29 14:30:43 +0000 2020","favourites_count":6,"verified":false,"statuses_count":33464,"profile_background_image_url_https":null,"profile_image_url_https":"https://pbs.twimg.com/profile_images/967359058071179264/s-2RcYJ__normal.jpg"},{"id_str":"771097812855558144","name":"concepts bot","screen_name":"conceptsbot","description":"a bot that gives you various ideas. it talks back to you. by @kloseum","followers_count":53336,"friends_count":495,"created_at":"Wed Aug 31 21:30:19 +0000 2016","last_tweet_date":"Wed Jan 29 14:55:46 +0000 2020","favourites_count":199,"verified":false,"statuses_count":62780,"profile_background_image_url_https":"https://abs.twimg.com/images/themes/theme1/bg.png","profile_image_url_https":"https://pbs.twimg.com/profile_images/771399355433705472/FUYynm7I_normal.jpg"},{"id_str":"64119853","name":"Willy Shakes","screen_name":"IAM_SHAKESPEARE","description":"The complete works of William Shakespeare line by all 112,000+ lines - every 10minutes. 5th pass started 11/13/18. Created by @strebel","followers_count":57916,"friends_count":658,"created_at":"Sun Aug 09 05:41:08 +0000 2009","last_tweet_date":"Wed Jan 29 14:52:10 +0000 2020","favourites_count":52,"verified":false,"statuses_count":515188,"profile_background_image_url_https":"https://abs.twimg.com/images/themes/theme14/bg.gif","profile_image_url_https":"https://pbs.twimg.com/profile_images/354189087/silly-shakespeare_normal.jpg"},{"id_str":"1199294567935303685","name":"Memeternet Explorer","screen_name":"MemeExplore","description":"Bot that posts the most popular videos, but 7 years too late. Created by meme guy @jejkobbb","followers_count":59330,"friends_count":1,"created_at":"Tue Nov 26 11:51:30 +0000 2019","last_tweet_date":"Wed Jan 29 10:00:42 +0000 2020","favourites_count":948,"verified":false,"statuses_count":349,"profile_background_image_url_https":null,"profile_image_url_https":"https://pbs.twimg.com/profile_images/1199657990955192321/wKC-R4A9_normal.png"},{"id_str":"1482779976","name":"Moby Dick","screen_name":"MobyDickatSea","description":"Over 2,000 lines handpicked from Moby Dick, one at a time in random order.","followers_count":59671,"friends_count":1,"created_at":"Tue Jun 04 17:23:46 +0000 2013","last_tweet_date":"Wed Jan 29 13:51:04 +0000 2020","favourites_count":0,"verified":false,"statuses_count":21952,"profile_background_image_url_https":"https://abs.twimg.com/images/themes/theme1/bg.png","profile_image_url_https":"https://pbs.twimg.com/profile_images/3755781902/9b47b7e223799bb523c7628e00b411c4_normal.jpeg"},{"id_str":"10729632","name":"everyword","screen_name":"everyword","description":"Twittered every word in the English language. Task began in 2007 and completed in 2014. Buy the book! http://t.co/3OuWi3iCKy","followers_count":62099,"friends_count":31,"created_at":"Fri Nov 30 04:51:23 +0000 2007","last_tweet_date":"Sat Jun 07 13:30:02 +0000 2014","favourites_count":0,"verified":false,"statuses_count":109160,"profile_background_image_url_https":"https://abs.twimg.com/images/themes/theme1/bg.png","profile_image_url_https":"https://pbs.twimg.com/profile_images/38369032/everyword_img_normal.png"},{"id_str":"808595043560857600","name":"Archillect Links","screen_name":"archillinks","description":"The Ocular Engine // Links","followers_count":62126,"friends_count":2,"created_at":"Tue Dec 13 08:50:56 +0000 2016","last_tweet_date":"Wed Jan 29 14:50:20 +0000 2020","favourites_count":0,"verified":false,"statuses_count":139033,"profile_background_image_url_https":"https://abs.twimg.com/images/themes/theme1/bg.png","profile_image_url_https":"https://pbs.twimg.com/profile_images/808595805942714368/PuH1r_aQ_normal.jpg"},{"id_str":"1157818583155662849","name":"emoji penis bot","screen_name":"emoji_penis","description":"procedurally generated pp","followers_count":62316,"friends_count":27,"created_at":"Sun Aug 04 01:00:36 +0000 2019","last_tweet_date":"Wed Jan 29 14:00:47 +0000 2020","favourites_count":0,"verified":false,"statuses_count":4184,"profile_background_image_url_https":null,"profile_image_url_https":"https://pbs.twimg.com/profile_images/1213864068748058626/_ENm1Y4e_normal.jpg"},{"id_str":"3045203078","name":"colorschemer","screen_name":"colorschemez","description":"I'm trying to find colors that go well together. I'm probably not very good at it because I'm a robot with no sense of style. (I'm a bot)","followers_count":64686,"friends_count":0,"created_at":"Fri Feb 27 02:48:24 +0000 2015","last_tweet_date":"Wed Jan 29 14:09:43 +0000 2020","favourites_count":8,"verified":false,"statuses_count":43518,"profile_background_image_url_https":"https://abs.twimg.com/images/themes/theme1/bg.png","profile_image_url_https":"https://pbs.twimg.com/profile_images/572231168683040768/LdX8KQvT_normal.png"},{"id_str":"632281318","name":"ＦＲＥＥ_ＦＡＣＴＳ!  🏳️‍🌈 follow for a chance to follow","screen_name":"free_facts","description":"New Facts Regualrly 💫 24 / 365 🆒 #Inspring. Makes you think!!! 🤔💭 #woke 100% original new & #free /true #facts, realiable source✨#Verified accunt 🌈","followers_count":64920,"friends_count":0,"created_at":"Tue Jul 10 20:13:12 +0000 2012","last_tweet_date":"Tue Feb 12 07:18:11 +0000 2019","favourites_count":8,"verified":false,"statuses_count":2958,"profile_background_image_url_https":"https://abs.twimg.com/images/themes/theme13/bg.gif","profile_image_url_https":"https://pbs.twimg.com/profile_images/818306483494342659/PrpnH9hO_normal.jpg"},{"id_str":"824876295607554050","name":"St. Louis Manifest","screen_name":"Stl_Manifest","description":"#WeRemember the victims of Naziism turned away at the doorstep of America in 1939. #RefugeesWelcome. built by @russelneiss","followers_count":66360,"friends_count":6,"created_at":"Fri Jan 27 07:06:49 +0000 2017","last_tweet_date":"Tue Jan 28 05:36:02 +0000 2020","favourites_count":1,"verified":false,"statuses_count":1354,"profile_background_image_url_https":null,"profile_image_url_https":"https://pbs.twimg.com/profile_images/824876925722071040/xoZ32xMY_normal.jpg"},{"id_str":"153777841","name":"英語たん@クロスワードパズル公開中","screen_name":"eigotan","description":"ついに10年目。受験英語、語源、英語の歴史をはじめとした面白い豆知識や、知的好奇心さえあれば楽しめる理論言語学の初歩的内容も呟きます（★印）。 高校生、教育関係の方（授業の小ネタにも好評です）、英語が好きな人も嫌いな人もどうぞ。公式サイト『英語たんの部屋』、姉妹アカウント( @eigotan_S)もよろしく！","followers_count":72703,"friends_count":52522,"created_at":"Wed Jun 09 12:29:42 +0000 2010","last_tweet_date":"Wed Jan 29 14:38:17 +0000 2020","favourites_count":1555,"verified":false,"statuses_count":175063,"profile_background_image_url_https":"https://abs.twimg.com/images/themes/theme17/bg.gif","profile_image_url_https":"https://pbs.twimg.com/profile_images/1129773545100386304/F104fyjH_normal.png"},{"id_str":"838207103852396544","name":"New New York Times","screen_name":"NYT_first_said","description":"Tweets words when they appear in the New York Times for the first time. 🗞️ \nQuestions / Concerns: @maxbittker","followers_count":72731,"friends_count":13,"created_at":"Sun Mar 05 01:58:41 +0000 2017","last_tweet_date":"Wed Jan 29 13:53:35 +0000 2020","favourites_count":15,"verified":false,"statuses_count":14028,"profile_background_image_url_https":null,"profile_image_url_https":"https://pbs.twimg.com/profile_images/838216867177115648/NbpMB0cI_normal.jpg"},{"id_str":"3887467873","name":"Endless Screaming ⚧ ☭","screen_name":"infinite_scream","description":"@NoraReed's true feelings. used to post less but then people apparently decided fascism was a great fucking idea","followers_count":77650,"friends_count":1,"created_at":"Wed Oct 14 03:23:05 +0000 2015","last_tweet_date":"Wed Jan 29 14:55:50 +0000 2020","favourites_count":40,"verified":false,"statuses_count":311014,"profile_background_image_url_https":"https://abs.twimg.com/images/themes/theme1/bg.png","profile_image_url_https":"https://pbs.twimg.com/profile_images/1015683074279944192/l1rFl53W_normal.jpg"},{"id_str":"885644681203331073","name":"Every Sheriff Bot","screen_name":"EverySheriff","description":"Algorithmic Sheriff Memes For Fun and Profit(?)","followers_count":78047,"friends_count":0,"created_at":"Thu Jul 13 23:38:41 +0000 2017","last_tweet_date":"Wed Jan 29 14:21:20 +0000 2020","favourites_count":0,"verified":false,"statuses_count":22205,"profile_background_image_url_https":null,"profile_image_url_https":"https://pbs.twimg.com/profile_images/885645383270940672/txMg-Tnv_normal.jpg"},{"id_str":"1175292276769198080","name":"Emoji Mashup Bot+","screen_name":"EmojiMashupPlus","description":"Tries to create new emojis out of three random emoji parts. Bot made by @louanben. Check out my older brother @EmojiMashupBot !\n \nTweets every 60 min.","followers_count":81578,"friends_count":2,"created_at":"Sat Sep 21 06:15:24 +0000 2019","last_tweet_date":"Wed Jan 29 14:07:40 +0000 2020","favourites_count":0,"verified":false,"statuses_count":3145,"profile_background_image_url_https":null,"profile_image_url_https":"https://pbs.twimg.com/profile_images/1201626295706226691/5ONSHa8j_normal.jpg"},{"id_str":"2837539873","name":"Catgirl Bot","screen_name":"catgirls_bot","description":"catgirls! nyaa~! also maybe a few foxgirls and wolfgirls or w/e","followers_count":82978,"friends_count":46328,"created_at":"Thu Oct 02 03:33:18 +0000 2014","last_tweet_date":"Thu Jan 16 02:14:36 +0000 2020","favourites_count":0,"verified":false,"statuses_count":85174,"profile_background_image_url_https":"https://abs.twimg.com/images/themes/theme12/bg.gif","profile_image_url_https":"https://pbs.twimg.com/profile_images/660713043861483521/4s-nKyXD_normal.jpg"},{"id_str":"1970799990","name":"Medieval Death Bot","screen_name":"DeathMedieval","description":"real deaths from medieval coroners' rolls","followers_count":87037,"friends_count":0,"created_at":"Sat Oct 19 08:14:55 +0000 2013","last_tweet_date":"Wed Jan 29 14:38:37 +0000 2020","favourites_count":522,"verified":false,"statuses_count":106195,"profile_background_image_url_https":"https://abs.twimg.com/images/themes/theme1/bg.png","profile_image_url_https":"https://pbs.twimg.com/profile_images/378800000617250992/adb3cc08874fd00a6e2a6d07274aa0c8_normal.jpeg"},{"id_str":"333923305","name":"Pépito","screen_name":"PepitoTheCat","description":"I'm a cat.","followers_count":89560,"friends_count":8,"created_at":"Tue Jul 12 09:06:50 +0000 2011","last_tweet_date":"Wed Jan 29 03:42:03 +0000 2020","favourites_count":1401,"verified":false,"statuses_count":16432,"profile_background_image_url_https":"https://abs.twimg.com/images/themes/theme9/bg.gif","profile_image_url_https":"https://pbs.twimg.com/profile_images/909485797438640128/sO-YvCEm_normal.jpg"},{"id_str":"1145958890296631296","name":"Remind Me Tweets","screen_name":"remindmetweets","description":"I'm a friendly reminder bot. Reply to a tweet, mention me and a time frame, and I’ll get back to you with a screenshot and send a reminder down the track.","followers_count":90206,"friends_count":2,"created_at":"Tue Jul 02 07:34:25 +0000 2019","last_tweet_date":"Wed Jan 29 14:58:00 +0000 2020","favourites_count":12,"verified":false,"statuses_count":221975,"profile_background_image_url_https":"https://abs.twimg.com/images/themes/theme1/bg.png","profile_image_url_https":"https://pbs.twimg.com/profile_images/1145962680278106113/KJRwzzsn_normal.jpg"},{"id_str":"465521654","name":"あかり大好きbot(運用終了)","screen_name":"akari_daisuki","description":"「わぁい○○ あかり○○大好き」をひたすらツイートする非公式botでした。","followers_count":92490,"friends_count":71438,"created_at":"Mon Jan 16 12:59:33 +0000 2012","last_tweet_date":"Thu Jul 18 05:23:00 +0000 2019","favourites_count":5,"verified":false,"statuses_count":224319,"profile_background_image_url_https":"https://abs.twimg.com/images/themes/theme17/bg.gif","profile_image_url_https":"https://pbs.twimg.com/profile_images/1175063547513950210/pO1XE8oa_normal.jpg"},{"id_str":"1616046954","name":"كُــل كَــلِمة","screen_name":"everyarabicword","description":"‏‏‏سَنغرد كُل كلمة في اللغة العربية.\nالحقبة الأولى 2013–2020 \nتبدأ المهمة 03.2020","followers_count":97456,"friends_count":5,"created_at":"Tue Jul 23 20:44:26 +0000 2013","last_tweet_date":"Thu Jan 16 12:18:35 +0000 2020","favourites_count":2,"verified":false,"statuses_count":56026,"profile_background_image_url_https":"https://abs.twimg.com/images/themes/theme1/bg.png","profile_image_url_https":"https://pbs.twimg.com/profile_images/378800000715720328/4229d890115001f25eda23d603d095e7_normal.png"},{"id_str":"1270746139","name":"Magic Recs","screen_name":"MagicRecs","description":"This is a Twitter experiment.","followers_count":99063,"friends_count":10,"created_at":"Fri Mar 15 21:22:31 +0000 2013","last_tweet_date":"Mon Apr 27 13:39:19 +0000 2015","favourites_count":61,"verified":true,"statuses_count":162,"profile_background_image_url_https":"https://abs.twimg.com/images/themes/theme1/bg.png","profile_image_url_https":"https://pbs.twimg.com/profile_images/426094348929732608/wp60yEv5_normal.jpeg"},{"id_str":"122264472","name":"Earthquake Robot","screen_name":"earthquakeBot","description":"I am a robot that tweets about any earthquakes 5.0 or greater as they happen. Built by @billsnitzer. Data is from the USGS. Get prepared: http://t.co/VtCEbuw6KH","followers_count":99481,"friends_count":6,"created_at":"Fri Mar 12 04:12:31 +0000 2010","last_tweet_date":"Wed Jan 29 14:07:01 +0000 2020","favourites_count":0,"verified":false,"statuses_count":15528,"profile_background_image_url_https":"https://abs.twimg.com/images/themes/theme1/bg.png","profile_image_url_https":"https://pbs.twimg.com/profile_images/1103221580/Picture_3_normal.png"},{"id_str":"3701125272","name":"Magic Realism Bot","screen_name":"MagicRealismBot","description":"I generate a magical story every 4 hours. \nMade by @chrisrodley & @yeldora_.","followers_count":117789,"friends_count":0,"created_at":"Sun Sep 27 07:19:16 +0000 2015","last_tweet_date":"Wed Jan 29 12:43:50 +0000 2020","favourites_count":0,"verified":false,"statuses_count":18226,"profile_background_image_url_https":"https://abs.twimg.com/images/themes/theme1/bg.png","profile_image_url_https":"https://pbs.twimg.com/profile_images/668872745329885184/67TNOs2A_normal.png"},{"id_str":"555129716","name":"Count von Count","screen_name":"CountVonCount","description":"I love to count!","followers_count":128526,"friends_count":10,"created_at":"Mon Apr 16 13:39:25 +0000 2012","last_tweet_date":"Sat Nov 30 02:58:46 +0000 2019","favourites_count":0,"verified":true,"statuses_count":2660,"profile_background_image_url_https":"https://abs.twimg.com/images/themes/theme1/bg.png","profile_image_url_https":"https://pbs.twimg.com/profile_images/1092451995217215490/DzhyYE8d_normal.jpg"},{"id_str":"2607163646","name":"⋆","screen_name":"tiny_star_field","description":"a small window of stars periodically throughout the day and night","followers_count":131645,"friends_count":4760,"created_at":"Sun Jul 06 09:21:05 +0000 2014","last_tweet_date":"Mon Jan 27 23:52:49 +0000 2020","favourites_count":345,"verified":false,"statuses_count":14862,"profile_background_image_url_https":"https://abs.twimg.com/images/themes/theme1/bg.png","profile_image_url_https":"https://pbs.twimg.com/profile_images/485715541844185088/66kkRc8C_normal.png"},{"id_str":"37861434","name":"SF QuakeBot","screen_name":"earthquakesSF","description":"I am a robot that live-tweets earthquakes in the San Francisco Bay area. Built by @billsnitzer. Data is from the USGS. Get prepared: http://t.co/VtCEbuw6KH","followers_count":149271,"friends_count":6,"created_at":"Tue May 05 04:53:31 +0000 2009","last_tweet_date":"Wed Jan 29 02:05:01 +0000 2020","favourites_count":0,"verified":false,"statuses_count":10467,"profile_background_image_url_https":"https://abs.twimg.com/images/themes/theme1/bg.png","profile_image_url_https":"https://pbs.twimg.com/profile_images/198106312/pink-wave_normal.png"},{"id_str":"797869498757955589","name":"here's your reminder","screen_name":"tinycarebot","description":"please take a break! for a personal reminder, please tweet me! (bot-in-progress by @jonnysun) (current av: apples, james marion shull, 1912, c/o @pomological)","followers_count":150330,"friends_count":2,"created_at":"Sun Nov 13 18:31:27 +0000 2016","last_tweet_date":"Wed Jan 29 14:19:35 +0000 2020","favourites_count":0,"verified":false,"statuses_count":95354,"profile_background_image_url_https":"https://abs.twimg.com/images/themes/theme1/bg.png","profile_image_url_https":"https://pbs.twimg.com/profile_images/797899593065332737/fRni-Uzr_normal.jpg"},{"id_str":"905505009667846144","name":"Surreal Memes Bot","screen_name":"MemesSurreal","description":"Bot that posts surreal memes from reddit every day, made by @graxcoding  | I own no content posted | Context: @SurrealContext","followers_count":153279,"friends_count":1,"created_at":"Wed Sep 06 18:56:32 +0000 2017","last_tweet_date":"Wed Jan 29 14:58:07 +0000 2020","favourites_count":3,"verified":false,"statuses_count":12635,"profile_background_image_url_https":null,"profile_image_url_https":"https://pbs.twimg.com/profile_images/944540997010231296/OBs8SCpK_normal.jpg"},{"id_str":"1112712044011311105","name":"WorldWarBot 2020","screen_name":"worldwarbot","description":"How it works: https://t.co/zYP1BsAhr3\nFB page: https://t.co/rezNlsUsNM \nOur Discord: https://t.co/qIVzcr8NJo\nPatreon: https://t.co/AL5G7zIPAM","followers_count":158840,"friends_count":3,"created_at":"Mon Apr 01 13:43:19 +0000 2019","last_tweet_date":"Wed Jun 26 09:25:36 +0000 2019","favourites_count":38,"verified":false,"statuses_count":1505,"profile_background_image_url_https":"https://abs.twimg.com/images/themes/theme1/bg.png","profile_image_url_https":"https://pbs.twimg.com/profile_images/1112712161942556672/bGGtLB9o_normal.jpg"},{"id_str":"944864788336824321","name":"Fuck Every Word 2.0","screen_name":"fckeveryword","description":"Fuck every word in the English language. Task will complete in 2020.\nRip @fuckeveryword. This is an attempt by @Anka213 to resurrect it.","followers_count":167120,"friends_count":9,"created_at":"Sun Dec 24 09:38:15 +0000 2017","last_tweet_date":"Wed Jan 29 14:30:02 +0000 2020","favourites_count":42,"verified":false,"statuses_count":34896,"profile_background_image_url_https":null,"profile_image_url_https":"https://pbs.twimg.com/profile_images/944874497710219264/X0_QAoxM_normal.jpg"},{"id_str":"1909219404","name":"Every Color","screen_name":"everycolorbot","description":"colors.  all of 'em. | developed by @vogon; feel free to send him feedback/feature requests","followers_count":183041,"friends_count":0,"created_at":"Thu Sep 26 21:22:10 +0000 2013","last_tweet_date":"Wed Jan 29 14:30:43 +0000 2020","favourites_count":3,"verified":false,"statuses_count":53772,"profile_background_image_url_https":"https://abs.twimg.com/images/themes/theme1/bg.png","profile_image_url_https":"https://pbs.twimg.com/profile_images/526752965068345344/apsYsEVk_normal.jpeg"},{"id_str":"2753211428","name":"Simpsons Screens","screen_name":"simpscreens","description":"Tweeting a random frame from The Simpsons 1987-1998 every 30 min.","followers_count":192694,"friends_count":0,"created_at":"Thu Aug 21 22:14:07 +0000 2014","last_tweet_date":"Wed Jan 29 14:30:09 +0000 2020","favourites_count":33,"verified":false,"statuses_count":93507,"profile_background_image_url_https":"https://abs.twimg.com/images/themes/theme1/bg.png","profile_image_url_https":"https://pbs.twimg.com/profile_images/848069971603329025/_AhBm3xi_normal.jpg"},{"id_str":"1150993041513177088","name":"Emoji Mashup Bot","screen_name":"EmojiMashupBot","description":"Tries to create new emojis out of two (or three) random emojis. Bot made by @louanben. Check out my younger brother @EmojiMashupPlus !\n\nTweets every 60 min.","followers_count":322673,"friends_count":2,"created_at":"Tue Jul 16 04:58:20 +0000 2019","last_tweet_date":"Wed Jan 29 14:30:44 +0000 2020","favourites_count":9,"verified":false,"statuses_count":4811,"profile_background_image_url_https":null,"profile_image_url_https":"https://pbs.twimg.com/profile_images/1201625754594926593/yyZ3bUV2_normal.jpg"},{"id_str":"37534994","name":"LA QuakeBot","screen_name":"earthquakesLA","description":"I am a robot that tells you about earthquakes in Los Angeles as they happen. Built by @billsnitzer. Data is from the USGS. Get prepared: http://t.co/VtCEbuw6KH","followers_count":338001,"friends_count":6,"created_at":"Sun May 03 23:42:14 +0000 2009","last_tweet_date":"Tue Jan 28 23:42:01 +0000 2020","favourites_count":0,"verified":false,"statuses_count":20396,"profile_background_image_url_https":"https://abs.twimg.com/images/themes/theme2/bg.gif","profile_image_url_https":"https://pbs.twimg.com/profile_images/195602280/Picture_3_normal.png"},{"id_str":"4462881555","name":"ShitpostBot 5000","screen_name":"ShitpostBot5000","description":"🤖 Bot on a mission to save the meme world with its sentience.‌‌‌‌ ‌‌Facebook & Patreon: \nhttps://t.co/8mxRM3Yc4Y\nhttps://t.co/zJGckcDnif","followers_count":356796,"friends_count":3,"created_at":"Sat Dec 12 20:34:04 +0000 2015","last_tweet_date":"Wed Jan 29 14:30:10 +0000 2020","favourites_count":3,"verified":false,"statuses_count":64426,"profile_background_image_url_https":"https://abs.twimg.com/images/themes/theme1/bg.png","profile_image_url_https":"https://pbs.twimg.com/profile_images/765508475531173888/pfwCg-uu_normal.jpg"},{"id_str":"3233484298","name":"Year Progress","screen_name":"year_progress","description":"The only progress bar you'd rather see go slower. Made by @filiphracek.","followers_count":383860,"friends_count":1,"created_at":"Mon May 04 13:35:27 +0000 2015","last_tweet_date":"Sun Jan 26 15:00:01 +0000 2020","favourites_count":562,"verified":false,"statuses_count":539,"profile_background_image_url_https":"https://abs.twimg.com/images/themes/theme1/bg.png","profile_image_url_https":"https://pbs.twimg.com/profile_images/722531688987820032/gfWnXqTw_normal.jpg"},{"id_str":"86391789","name":"Big Ben","screen_name":"big_ben_clock","description":"The first, established November 2009 & entirely unofficial. Copyright details here: https://t.co/q8UCMoGQBF, but still apparently imitated everywhere.","followers_count":445039,"friends_count":0,"created_at":"Fri Oct 30 20:38:19 +0000 2009","last_tweet_date":"Wed Jan 01 00:01:10 +0000 2020","favourites_count":2,"verified":false,"statuses_count":82381,"profile_background_image_url_https":"https://abs.twimg.com/images/themes/theme4/bg.gif","profile_image_url_https":"https://pbs.twimg.com/profile_images/1213913153265946624/XDws1Eii_normal.png"},{"id_str":"2907774137","name":"Archillect","screen_name":"archillect","description":"The ocular engine. \nSources: @archillinks\nhttps://t.co/U7Oh7xumQp","followers_count":1730762,"friends_count":1,"created_at":"Sat Dec 06 14:07:45 +0000 2014","last_tweet_date":"Wed Jan 29 14:50:19 +0000 2020","favourites_count":10021,"verified":false,"statuses_count":265762,"profile_background_image_url_https":"https://abs.twimg.com/images/themes/theme19/bg.gif","profile_image_url_https":"https://pbs.twimg.com/profile_images/1045579977067024384/S0luKMwQ_normal.jpg"}]}