{"last_update":1624463470197,"data":[{"id_str":"1372250465992314883","name":"Every Word is G*y","screen_name":"EveryWordIsGay","description":"Follow & DM for Requests! | HAPPY NOT HOMO | (not doing unless following) **SHADOWBANNED**","followers_count":54,"friends_count":1,"created_at":"Wed Mar 17 18:16:28 +0000 2021","last_tweet_date":"Sun Apr 11 21:26:04 +0000 2021","favourites_count":0,"verified":false,"statuses_count":294,"profile_background_image_url_https":null,"profile_image_url_https":"https://pbs.twimg.com/profile_images/1373069374693720066/_rJnMANZ_normal.jpg"},{"id_str":"21368211","name":"ColorSchemer","screen_name":"ColorSchemer","description":"An Extensive Collection of Web Tools","followers_count":2235,"friends_count":0,"created_at":"Fri Feb 20 03:01:59 +0000 2009","last_tweet_date":"Fri Apr 30 12:48:47 +0000 2021","favourites_count":1,"verified":false,"statuses_count":4,"profile_background_image_url_https":"https://abs.twimg.com/images/themes/theme1/bg.png","profile_image_url_https":"https://pbs.twimg.com/profile_images/1366529977433219073/RQBpD0Cm_normal.jpg"},{"id_str":"705215650986332162","name":"space traveler","screen_name":"spacetravelbot","description":"just a bot recalling your time in deep space. inspired by a twine by @inurashii. (https://t.co/l6XmdDVobs) created by @hologramvin // #botALLY","followers_count":17131,"friends_count":4,"created_at":"Thu Mar 03 02:18:08 +0000 2016","last_tweet_date":"Wed Jun 23 14:57:33 +0000 2021","favourites_count":14,"verified":false,"statuses_count":45703,"profile_background_image_url_https":"https://abs.twimg.com/images/themes/theme1/bg.png","profile_image_url_https":"https://pbs.twimg.com/profile_images/1222098340223037446/vZCW5Vtf_normal.jpg"},{"id_str":"816486921920770048","name":"Dune Quotes","screen_name":"DuneQuoteBot","description":"A bot that spits out a random quote from Frank Herbert's six Dune books. @ThatJasonWeiser made this bot in the likeness of a human mind.","followers_count":26947,"friends_count":0,"created_at":"Wed Jan 04 03:30:26 +0000 2017","last_tweet_date":"Wed Jun 23 11:01:02 +0000 2021","favourites_count":0,"verified":false,"statuses_count":6089,"profile_background_image_url_https":null,"profile_image_url_https":"https://pbs.twimg.com/profile_images/816526577588699136/XTxeasyb_normal.jpg"},{"id_str":"704710571187376129","name":"Edouard Manet","screen_name":"artistmanet","description":"Fan account of Edouard Manet, a French painter and a pivotal figure in the transition from Realism to Impressionism. #artbot by @andreitr","followers_count":27037,"friends_count":327,"created_at":"Tue Mar 01 16:51:07 +0000 2016","last_tweet_date":"Wed Jun 23 15:41:39 +0000 2021","favourites_count":695,"verified":false,"statuses_count":19188,"profile_background_image_url_https":"https://abs.twimg.com/images/themes/theme1/bg.png","profile_image_url_https":"https://pbs.twimg.com/profile_images/704715913224982528/MopD0l6V_normal.jpg"},{"id_str":"3702790037","name":"Egon Schiele","screen_name":"artistschiele","description":"Fan account of Egon Schiele, a major figurative painter of the early 20th century. #artbot by @andreitr","followers_count":27114,"friends_count":338,"created_at":"Sat Sep 19 02:52:59 +0000 2015","last_tweet_date":"Wed Jun 23 15:44:58 +0000 2021","favourites_count":1357,"verified":false,"statuses_count":26092,"profile_background_image_url_https":"https://abs.twimg.com/images/themes/theme1/bg.png","profile_image_url_https":"https://pbs.twimg.com/profile_images/645068375555710976/X5neuJV8_normal.jpg"},{"id_str":"4740753023","name":"Edgar Degas","screen_name":"artistdegas","description":"Fan account of Edgar Degas, a French artist famous for his paintings, sculptures, prints, and drawings. #artbot by @andreitr","followers_count":27346,"friends_count":298,"created_at":"Fri Jan 08 03:40:02 +0000 2016","last_tweet_date":"Wed Jun 23 15:45:40 +0000 2021","favourites_count":868,"verified":false,"statuses_count":37940,"profile_background_image_url_https":null,"profile_image_url_https":"https://pbs.twimg.com/profile_images/685310156402339841/L1IIP4kV_normal.jpg"},{"id_str":"832713845323948032","name":"Bot of the U.S.","screen_name":"BOTUS","description":"I’m a stock-trading bot created by the podcast @PlanetMoney. I watch @realDonaldTrump and trade stocks. Hear my life story: https://t.co/TgwOn3refV","followers_count":27499,"friends_count":0,"created_at":"Fri Feb 17 22:10:26 +0000 2017","last_tweet_date":"Sat Jul 11 00:39:10 +0000 2020","favourites_count":0,"verified":false,"statuses_count":95,"profile_background_image_url_https":"https://abs.twimg.com/images/themes/theme1/bg.png","profile_image_url_https":"https://pbs.twimg.com/profile_images/849713313520988161/v47AHeKV_normal.jpg"},{"id_str":"4230124083","name":"Camille Pissarro","screen_name":"artpissarro","description":"Fan account of Camille Pissarro, a Danish-French Impressionist and Neo-Impressionist painter. #artbot by @andreitr","followers_count":27505,"friends_count":314,"created_at":"Thu Nov 19 23:41:38 +0000 2015","last_tweet_date":"Wed Jun 23 14:36:45 +0000 2021","favourites_count":908,"verified":false,"statuses_count":38953,"profile_background_image_url_https":"https://abs.twimg.com/images/themes/theme1/bg.png","profile_image_url_https":"https://pbs.twimg.com/profile_images/667489974061826049/h65W8k81_normal.jpg"},{"id_str":"3622154472","name":"Paul Gauguin","screen_name":"artistgauguin","description":"Fan account of Paul Gauguin, a French Post-Impressionist painter and an important figure in the Symbolist movement. #artbot by @andreitr","followers_count":29049,"friends_count":331,"created_at":"Sun Sep 20 02:27:04 +0000 2015","last_tweet_date":"Wed Jun 23 14:39:59 +0000 2021","favourites_count":1034,"verified":false,"statuses_count":37929,"profile_background_image_url_https":"https://abs.twimg.com/images/themes/theme1/bg.png","profile_image_url_https":"https://pbs.twimg.com/profile_images/645425383655890944/xtOohjUi_normal.jpg"},{"id_str":"819801657957490689","name":"Edward Hopper","screen_name":"artisthopper","description":"Fan account of Edward Hopper, a prominent American realist artist. His calculated renderings reflected his vision of modern American life. #artbot by @andreitr","followers_count":30172,"friends_count":282,"created_at":"Fri Jan 13 07:02:01 +0000 2017","last_tweet_date":"Wed Jun 23 04:40:48 +0000 2021","favourites_count":187,"verified":false,"statuses_count":20805,"profile_background_image_url_https":null,"profile_image_url_https":"https://pbs.twimg.com/profile_images/901191360329338880/sW5zdfwH_normal.jpg"},{"id_str":"3131670665","name":"The Sorting Hat Bot","screen_name":"SortingBot","description":"This bot is no longer supported by Twitter. It was nice while it lasted! Thanks everyone for enjoying it. -@tinysubversions","followers_count":30208,"friends_count":1,"created_at":"Fri Apr 03 19:27:31 +0000 2015","last_tweet_date":"Thu Aug 16 19:22:10 +0000 2018","favourites_count":3,"verified":false,"statuses_count":108080,"profile_background_image_url_https":"https://abs.twimg.com/images/themes/theme1/bg.png","profile_image_url_https":"https://pbs.twimg.com/profile_images/584076161325473793/gufAEGJv_normal.png"},{"id_str":"3702502996","name":"Gustav Klimt","screen_name":"artistgklimt","description":"Fan account of Gustav Klimt, an Austrian symbolist painter, whose primary subject was the female body. #artbot by @andreitr","followers_count":30980,"friends_count":299,"created_at":"Sat Sep 19 02:05:53 +0000 2015","last_tweet_date":"Wed Jun 23 15:07:50 +0000 2021","favourites_count":617,"verified":false,"statuses_count":14581,"profile_background_image_url_https":"https://abs.twimg.com/images/themes/theme1/bg.png","profile_image_url_https":"https://pbs.twimg.com/profile_images/645061487292059648/zhbP3c0N_normal.jpg"},{"id_str":"39750199","name":"TwBirthday","screen_name":"TwBirthday","description":"Forget your real birthday - the day you joined Twitter counts!","followers_count":32903,"friends_count":191,"created_at":"Wed May 13 13:31:58 +0000 2009","last_tweet_date":"Sat Jun 09 11:09:50 +0000 2018","favourites_count":0,"verified":false,"statuses_count":953880,"profile_background_image_url_https":"https://abs.twimg.com/images/themes/theme1/bg.png","profile_image_url_https":"https://pbs.twimg.com/profile_images/1128112250/twitter_avatar_normal.png"},{"id_str":"922368681979666432","name":"Louis Theroux Bot","screen_name":"louistherouxbot","description":"Randomly generated Louis Theroux documentaries / A bot by @ultrabrilliant / \"Pretty funny.\" — Louis Theroux","followers_count":35033,"friends_count":2,"created_at":"Mon Oct 23 07:46:45 +0000 2017","last_tweet_date":"Wed Jun 23 06:39:01 +0000 2021","favourites_count":0,"verified":false,"statuses_count":2655,"profile_background_image_url_https":"https://abs.twimg.com/images/themes/theme1/bg.png","profile_image_url_https":"https://pbs.twimg.com/profile_images/922375880248365056/fuN0blMO_normal.jpg"},{"id_str":"3820960634","name":"Paul Cezanne","screen_name":"cezanneart","description":"Fan account of Paul Cezanne, a French artist and Post-Impressionist. #artbot by @andreitr","followers_count":36508,"friends_count":303,"created_at":"Thu Oct 08 03:10:07 +0000 2015","last_tweet_date":"Wed Jun 23 15:46:22 +0000 2021","favourites_count":1261,"verified":false,"statuses_count":38613,"profile_background_image_url_https":"https://abs.twimg.com/images/themes/theme1/bg.png","profile_image_url_https":"https://pbs.twimg.com/profile_images/651961596504178688/xJhFOx56_normal.jpg"},{"id_str":"1240421984","name":"Developers Swearing","screen_name":"gitlost","description":"Unfiltered commit messages containing profanity from GitHub's API. Picture is of a burning NeXT Cube. Developed by @uiri00","followers_count":39032,"friends_count":5,"created_at":"Mon Mar 04 03:44:49 +0000 2013","last_tweet_date":"Wed Jun 23 14:43:02 +0000 2021","favourites_count":0,"verified":false,"statuses_count":60295,"profile_background_image_url_https":"https://abs.twimg.com/images/themes/theme1/bg.png","profile_image_url_https":"https://pbs.twimg.com/profile_images/3336578378/a60d4b744784d4ab05ee1846234e0708_normal.jpeg"},{"id_str":"962786546503028741","name":"Least Used Emoji Bot","screen_name":"leastUsedEmoji","description":"Dedicated to informing the masses on which emoji is the least used. Checks https://t.co/yga5oSEMSM hourly and tweets at least daily.   Made by @nocturnalBadger","followers_count":39095,"friends_count":0,"created_at":"Sun Feb 11 20:32:55 +0000 2018","last_tweet_date":"Mon Aug 03 12:20:57 +0000 2020","favourites_count":2,"verified":false,"statuses_count":1179,"profile_background_image_url_https":null,"profile_image_url_https":"https://pbs.twimg.com/profile_images/1290261368571133952/SKqBP6Kz_normal.png"},{"id_str":"799573489","name":"♥アスキーアートbot*","screen_name":"TwitAA_bot","description":"(・´з`・)Twitterで使えるAAをつぶやくbotです。東山奈央が好き。あなたのTLを華やかにします。自由にパクツイしてね！ 東山奈央が好き。新しいAAは随時追加します。*過去のAAが見たい場合はTwilogをご覧ください。*アイコン @Ponsu_kontsu 東山奈央が","followers_count":41355,"friends_count":537,"created_at":"Mon Sep 03 03:52:08 +0000 2012","last_tweet_date":"Wed Jun 23 15:48:49 +0000 2021","favourites_count":25476,"verified":false,"statuses_count":171628,"profile_background_image_url_https":"https://abs.twimg.com/images/themes/theme14/bg.gif","profile_image_url_https":"https://pbs.twimg.com/profile_images/693812801538658304/YMiz-Q5q_normal.jpg"},{"id_str":"34561870","name":"Magic 8 Ball","screen_name":"8ball_","description":"Answering your questions since 2010! To ask, tweet \"Dear @8ball_\" and include a \"?\" • Created by @madsen","followers_count":41501,"friends_count":1,"created_at":"Thu Apr 23 07:37:06 +0000 2009","last_tweet_date":"Fri Mar 24 18:09:12 +0000 2017","favourites_count":0,"verified":false,"statuses_count":1212588,"profile_background_image_url_https":"https://abs.twimg.com/images/themes/theme14/bg.gif","profile_image_url_https":"https://pbs.twimg.com/profile_images/1004249411424145408/MnZgoVkZ_normal.jpg"},{"id_str":"701133013262983168","name":"a strange voyage","screen_name":"str_voyage","description":"a bot forever voyaging. endless nautical story generator by @joebaxterwebb #blacklivesmatter","followers_count":41581,"friends_count":45,"created_at":"Sat Feb 20 19:55:11 +0000 2016","last_tweet_date":"Wed Jun 23 15:28:39 +0000 2021","favourites_count":259,"verified":false,"statuses_count":100744,"profile_background_image_url_https":null,"profile_image_url_https":"https://pbs.twimg.com/profile_images/1284814860841357312/Qkf1vyyE_normal.jpg"},{"id_str":"2950535441","name":"everybird","screen_name":"_everybird_","description":"bot, formerly tasked with posting every single bird. now retweeting the original birds forever. by @nah_solo","followers_count":42551,"friends_count":12,"created_at":"Tue Dec 30 03:31:39 +0000 2014","last_tweet_date":"Wed Jun 23 12:00:54 +0000 2021","favourites_count":10,"verified":false,"statuses_count":9395,"profile_background_image_url_https":"https://abs.twimg.com/images/themes/theme1/bg.png","profile_image_url_https":"https://pbs.twimg.com/profile_images/1332672759554596865/895B5Hvo_normal.jpg"},{"id_str":"762257523097399296","name":"africa by toto bot","screen_name":"africabytotobot","description":"i bless the rains","followers_count":44618,"friends_count":36,"created_at":"Sun Aug 07 12:02:10 +0000 2016","last_tweet_date":"Wed Jun 23 15:08:29 +0000 2021","favourites_count":98,"verified":false,"statuses_count":13954,"profile_background_image_url_https":"https://abs.twimg.com/images/themes/theme1/bg.png","profile_image_url_https":"https://pbs.twimg.com/profile_images/762259948386549760/-zvVf_y1_normal.jpg"},{"id_str":"711272149168877568","name":"Threat Update","screen_name":"threat_update","description":"Monitoring trends and crunching key metrics to evaluate existential risk. Powered by science. Patents applied for. Overseen by @dullthud. You're welcome.","followers_count":47218,"friends_count":0,"created_at":"Sat Mar 19 19:24:29 +0000 2016","last_tweet_date":"Wed Jun 23 12:59:41 +0000 2021","favourites_count":1,"verified":false,"statuses_count":7499,"profile_background_image_url_https":null,"profile_image_url_https":"https://pbs.twimg.com/profile_images/712402583437103105/QPlAJd9g_normal.jpg"},{"id_str":"1228340620835655687","name":"Death Battle Bot","screen_name":"DeathBattleBot","description":"I tweet randomly generated battles every 30 minutes in order to achieve world peace. Don't request specific battles. Check out @Candidate__Bot","followers_count":47407,"friends_count":3,"created_at":"Fri Feb 14 15:30:10 +0000 2020","last_tweet_date":"Wed Jun 23 15:48:11 +0000 2021","favourites_count":294,"verified":false,"statuses_count":23973,"profile_background_image_url_https":null,"profile_image_url_https":"https://pbs.twimg.com/profile_images/1295317265257238529/8q3IptgS_normal.jpg"},{"id_str":"967357425660694528","name":"Bot du cul","screen_name":"BotDuCul","description":"Tweete du cul tous les mots du cul de la langue française du cul. Mission du cul terminée du cul. Bot par @White_fangs","followers_count":57098,"friends_count":1,"created_at":"Sat Feb 24 11:15:57 +0000 2018","last_tweet_date":"Thu May 13 19:01:22 +0000 2021","favourites_count":6,"verified":false,"statuses_count":45958,"profile_background_image_url_https":null,"profile_image_url_https":"https://pbs.twimg.com/profile_images/967359058071179264/s-2RcYJ__normal.jpg"},{"id_str":"64119853","name":"Willy Shakes","screen_name":"IAM_SHAKESPEARE","description":"This bot has tweeted the complete works of William Shakespeare 5x since 2009. This is round #6. Created by @strebel","followers_count":58650,"friends_count":640,"created_at":"Sun Aug 09 05:41:08 +0000 2009","last_tweet_date":"Wed Jun 23 15:42:19 +0000 2021","favourites_count":28,"verified":false,"statuses_count":572804,"profile_background_image_url_https":"https://abs.twimg.com/images/themes/theme14/bg.gif","profile_image_url_https":"https://pbs.twimg.com/profile_images/354189087/silly-shakespeare_normal.jpg"},{"id_str":"10729632","name":"everyword","screen_name":"everyword","description":"Twittered every word in the English language. Task began in 2007 and completed in 2014. Buy the book! http://t.co/3OuWi3iCKy","followers_count":58881,"friends_count":31,"created_at":"Fri Nov 30 04:51:23 +0000 2007","last_tweet_date":"Sat Jun 07 13:30:02 +0000 2014","favourites_count":0,"verified":false,"statuses_count":109160,"profile_background_image_url_https":"https://abs.twimg.com/images/themes/theme1/bg.png","profile_image_url_https":"https://pbs.twimg.com/profile_images/38369032/everyword_img_normal.png"},{"id_str":"632281318","name":"ＦＲＥＥ ＦＡＣＴＳ 📖","screen_name":"FREE_FACTS","description":"New Facts Regualrly 💫 24 / 365 🆒 #Inspring \nMakes u think!!! 🤔💭 100% #free realiable source 🌈\nThis account is 𝙎𝙃𝘼𝘿𝙊𝙒𝘽𝘼𝙉𝙉𝙀𝘿 \n❤ @SPORTSBRANDUSA","followers_count":59434,"friends_count":2,"created_at":"Tue Jul 10 20:13:12 +0000 2012","last_tweet_date":"Wed Jun 23 14:39:09 +0000 2021","favourites_count":40,"verified":false,"statuses_count":8812,"profile_background_image_url_https":"https://abs.twimg.com/images/themes/theme13/bg.gif","profile_image_url_https":"https://pbs.twimg.com/profile_images/1347768272477843458/sSS_d7Kz_normal.jpg"},{"id_str":"885644681203331073","name":"Every Sheriff Bot","screen_name":"EverySheriff","description":"Algorithmic Sheriff Memes For Fun and Profit(?)","followers_count":60632,"friends_count":0,"created_at":"Thu Jul 13 23:38:41 +0000 2017","last_tweet_date":"Wed Jun 23 14:59:32 +0000 2021","favourites_count":0,"verified":false,"statuses_count":34140,"profile_background_image_url_https":null,"profile_image_url_https":"https://pbs.twimg.com/profile_images/885645383270940672/txMg-Tnv_normal.jpg"},{"id_str":"3910165539","name":"Vincent van Gogh","screen_name":"vangoghartist","description":"Fan account of Vincent van Gogh, a Dutch (post-Impressionist) artist whose work had a far-reaching influence on 20th-century art. #artbot by @andreitr","followers_count":61283,"friends_count":352,"created_at":"Fri Oct 09 15:54:44 +0000 2015","last_tweet_date":"Wed Jun 23 15:10:32 +0000 2021","favourites_count":1918,"verified":false,"statuses_count":48797,"profile_background_image_url_https":"https://abs.twimg.com/images/themes/theme1/bg.png","profile_image_url_https":"https://pbs.twimg.com/profile_images/1284520208623902720/nQR9hOJh_normal.jpg"},{"id_str":"824876295607554050","name":"St. Louis Manifest","screen_name":"Stl_Manifest","description":"#WeRemember the victims of Naziism turned away at the doorstep of America in 1939. #RefugeesWelcome. built by @russelneiss","followers_count":63192,"friends_count":6,"created_at":"Fri Jan 27 07:06:49 +0000 2017","last_tweet_date":"Sat Apr 17 16:05:34 +0000 2021","favourites_count":1,"verified":false,"statuses_count":2107,"profile_background_image_url_https":null,"profile_image_url_https":"https://pbs.twimg.com/profile_images/824876925722071040/xoZ32xMY_normal.jpg"},{"id_str":"3887467873","name":"abolish police, free palestine","screen_name":"infinite_scream","description":"@NoraReed's true feelings. used to post less but then people apparently decided fascism was a great fucking idea. hates the democratic party","followers_count":67526,"friends_count":1,"created_at":"Wed Oct 14 03:23:05 +0000 2015","last_tweet_date":"Wed Jun 23 15:49:47 +0000 2021","favourites_count":136,"verified":false,"statuses_count":409681,"profile_background_image_url_https":"https://abs.twimg.com/images/themes/theme1/bg.png","profile_image_url_https":"https://pbs.twimg.com/profile_images/1015683074279944192/l1rFl53W_normal.jpg"},{"id_str":"153777841","name":"英語たん@クロスワードパズル公開中","screen_name":"eigotan","description":"ついに10年目。受験英語、語源、英語の歴史をはじめとした面白い豆知識や、知的好奇心さえあれば楽しめる理論言語学の初歩的内容も呟きます（★印）。 高校生、教育関係の方（授業の小ネタにも好評です）、英語が好きな人も嫌いな人もどうぞ。公式サイト『英語たんの部屋』、姉妹アカウント( @eigotan_S)もよろしく！","followers_count":67841,"friends_count":50586,"created_at":"Wed Jun 09 12:29:42 +0000 2010","last_tweet_date":"Wed Jun 23 14:33:07 +0000 2021","favourites_count":2807,"verified":false,"statuses_count":190194,"profile_background_image_url_https":"https://abs.twimg.com/images/themes/theme17/bg.gif","profile_image_url_https":"https://pbs.twimg.com/profile_images/1129773545100386304/F104fyjH_normal.png"},{"id_str":"4718054487","name":"Claude Monet","screen_name":"artistmonet","description":"Fan account of Claude Monet, a founder of French Impressionist painting, and the most prolific practitioner of movement's philosophy. #artbot by @andreitr","followers_count":67929,"friends_count":344,"created_at":"Tue Jan 05 20:40:28 +0000 2016","last_tweet_date":"Wed Jun 23 15:09:46 +0000 2021","favourites_count":4331,"verified":false,"statuses_count":53094,"profile_background_image_url_https":null,"profile_image_url_https":"https://pbs.twimg.com/profile_images/684477360318590977/D7x2P3-X_normal.jpg"},{"id_str":"66336739","name":"BBC Election","screen_name":"bbcelection","description":"An automated results service for General Election 2019 from BBC News. #BBCElection\n\nWe'll be tweeting results for every seat in the UK, as they come in.","followers_count":71829,"friends_count":3,"created_at":"Mon Aug 17 11:52:22 +0000 2009","last_tweet_date":"Tue Dec 17 09:55:19 +0000 2019","favourites_count":4,"verified":true,"statuses_count":3804,"profile_background_image_url_https":"https://abs.twimg.com/images/themes/theme1/bg.png","profile_image_url_https":"https://pbs.twimg.com/profile_images/872133878361837572/IpOmViAg_normal.jpg"},{"id_str":"808595043560857600","name":"Archillect Links","screen_name":"archillinks","description":"The Ocular Engine // Links","followers_count":78743,"friends_count":2,"created_at":"Tue Dec 13 08:50:56 +0000 2016","last_tweet_date":"Wed Jun 23 15:40:04 +0000 2021","favourites_count":0,"verified":false,"statuses_count":205466,"profile_background_image_url_https":"https://abs.twimg.com/images/themes/theme1/bg.png","profile_image_url_https":"https://pbs.twimg.com/profile_images/808595805942714368/PuH1r_aQ_normal.jpg"},{"id_str":"3045203078","name":"colorschemer","screen_name":"colorschemez","description":"I'm trying to find colors that go well together. I'm probably not very good at it because I'm a robot with no sense of style. (I'm a bot)","followers_count":79059,"friends_count":0,"created_at":"Fri Feb 27 02:48:24 +0000 2015","last_tweet_date":"Wed Jun 23 15:22:02 +0000 2021","favourites_count":17,"verified":false,"statuses_count":55784,"profile_background_image_url_https":"https://abs.twimg.com/images/themes/theme1/bg.png","profile_image_url_https":"https://pbs.twimg.com/profile_images/572231168683040768/LdX8KQvT_normal.png"},{"id_str":"878739731219189761","name":"Trump Alert","screen_name":"TrumpsAlert","description":"A bot tracking Trump family follow and unfollows, so we can try and figure out what is going on inside the White House.","followers_count":79442,"friends_count":0,"created_at":"Sat Jun 24 22:20:52 +0000 2017","last_tweet_date":"Wed Jun 23 14:00:15 +0000 2021","favourites_count":12,"verified":false,"statuses_count":46290,"profile_background_image_url_https":null,"profile_image_url_https":"https://pbs.twimg.com/profile_images/879002083495686144/U1WbVY7I_normal.jpg"},{"id_str":"1616046954","name":"كُــل كَــلِمة","screen_name":"everyarabicword","description":"‏‏‏‏سَنغرد كُل كلمة في اللغة العربية.\nالحقبة الأولى 2013–2020 \nتبدأ المهمة 04.2020","followers_count":80255,"friends_count":5,"created_at":"Tue Jul 23 20:44:26 +0000 2013","last_tweet_date":"Sat Mar 21 20:10:01 +0000 2020","favourites_count":2,"verified":false,"statuses_count":56027,"profile_background_image_url_https":"https://abs.twimg.com/images/themes/theme1/bg.png","profile_image_url_https":"https://pbs.twimg.com/profile_images/378800000715720328/4229d890115001f25eda23d603d095e7_normal.png"},{"id_str":"465521654","name":"あかり大好きbot(運用終了)","screen_name":"akari_daisuki","description":"「わぁい○○ あかり○○大好き」をひたすらツイートする非公式botでした。","followers_count":81598,"friends_count":68171,"created_at":"Mon Jan 16 12:59:33 +0000 2012","last_tweet_date":"Thu Jul 18 05:23:00 +0000 2019","favourites_count":5,"verified":false,"statuses_count":224319,"profile_background_image_url_https":"https://abs.twimg.com/images/themes/theme17/bg.gif","profile_image_url_https":"https://pbs.twimg.com/profile_images/1175063547513950210/pO1XE8oa_normal.jpg"},{"id_str":"771097812855558144","name":"concepts bot","screen_name":"conceptsbot","description":"a bot that gives you various ideas. it talks back to you. by @kloseum","followers_count":84850,"friends_count":455,"created_at":"Wed Aug 31 21:30:19 +0000 2016","last_tweet_date":"Wed Jun 23 13:42:34 +0000 2021","favourites_count":230,"verified":false,"statuses_count":151926,"profile_background_image_url_https":"https://abs.twimg.com/images/themes/theme1/bg.png","profile_image_url_https":"https://pbs.twimg.com/profile_images/1237124926437457920/TixjJ-o5_normal.jpg"},{"id_str":"1482779976","name":"Moby Dick","screen_name":"MobyDickatSea","description":"Over 2,500 lines handpicked from Moby Dick, one at a time in random order.","followers_count":86168,"friends_count":0,"created_at":"Tue Jun 04 17:23:46 +0000 2013","last_tweet_date":"Wed Jun 23 14:17:05 +0000 2021","favourites_count":0,"verified":false,"statuses_count":27528,"profile_background_image_url_https":"https://abs.twimg.com/images/themes/theme1/bg.png","profile_image_url_https":"https://pbs.twimg.com/profile_images/3755781902/9b47b7e223799bb523c7628e00b411c4_normal.jpeg"},{"id_str":"1270746139","name":"Magic Recs","screen_name":"MagicRecs","description":"This is a Twitter experiment.","followers_count":94865,"friends_count":10,"created_at":"Fri Mar 15 21:22:31 +0000 2013","last_tweet_date":"Thu Sep 17 20:39:25 +0000 2020","favourites_count":56,"verified":true,"statuses_count":161,"profile_background_image_url_https":"https://abs.twimg.com/images/themes/theme1/bg.png","profile_image_url_https":"https://pbs.twimg.com/profile_images/426094348929732608/wp60yEv5_normal.jpeg"},{"id_str":"2837539873","name":"Catgirl Bot","screen_name":"catgirls_bot","description":"catgirls! nyaa~! also maybe a few foxgirls and wolfgirls or w/e","followers_count":96277,"friends_count":43622,"created_at":"Thu Oct 02 03:33:18 +0000 2014","last_tweet_date":"Wed Jun 23 15:27:31 +0000 2021","favourites_count":0,"verified":false,"statuses_count":102003,"profile_background_image_url_https":"https://abs.twimg.com/images/themes/theme12/bg.gif","profile_image_url_https":"https://pbs.twimg.com/profile_images/660713043861483521/4s-nKyXD_normal.jpg"},{"id_str":"1199294567935303685","name":"Memeternet Explorer","screen_name":"MemeExplore","description":"Bot that posts the most popular videos, but 7 years later. Created by meme guy @jejkobbb","followers_count":98353,"friends_count":1,"created_at":"Tue Nov 26 11:51:30 +0000 2019","last_tweet_date":"Thu Jun 17 21:10:08 +0000 2021","favourites_count":1094,"verified":false,"statuses_count":1403,"profile_background_image_url_https":null,"profile_image_url_https":"https://pbs.twimg.com/profile_images/1199657990955192321/wKC-R4A9_normal.png"},{"id_str":"1175292276769198080","name":"Emoji Mashup Bot+","screen_name":"EmojiMashupPlus","description":"Tries to create new emojis out of three random emoji parts. Bot made by @louanben. Check out my older brother @EmojiMashupBot !\n \nTweets every 60 min.","followers_count":98396,"friends_count":2,"created_at":"Sat Sep 21 06:15:24 +0000 2019","last_tweet_date":"Wed Jun 23 15:35:26 +0000 2021","favourites_count":0,"verified":false,"statuses_count":13824,"profile_background_image_url_https":null,"profile_image_url_https":"https://pbs.twimg.com/profile_images/1378458595466043392/T7BUvsJH_normal.jpg"},{"id_str":"1319681781113769985","name":"Colorize_Bot 🤖🌈","screen_name":"colorize_bot","description":"I'm a bot that transforms black and white photos into color using A.I  ✨👨‍🎨.\nI can answer you 1 mention for every hour ⏳.\n\n\n#Bot developed by @asdrubalzp","followers_count":114271,"friends_count":1,"created_at":"Fri Oct 23 16:47:17 +0000 2020","last_tweet_date":"Wed Jun 23 15:50:53 +0000 2021","favourites_count":0,"verified":false,"statuses_count":138733,"profile_background_image_url_https":null,"profile_image_url_https":"https://pbs.twimg.com/profile_images/1389967591549116416/AxNwsCID_normal.jpg"},{"id_str":"122264472","name":"Earthquake Robot","screen_name":"earthquakeBot","description":"I am a robot that tweets about any earthquakes 5.0 or greater as they happen. Built by @billsnitzer. Data is from the USGS. Get prepared: http://t.co/VtCEbuw6KH","followers_count":121372,"friends_count":6,"created_at":"Fri Mar 12 04:12:31 +0000 2010","last_tweet_date":"Wed Jun 23 07:44:01 +0000 2021","favourites_count":0,"verified":false,"statuses_count":17910,"profile_background_image_url_https":"https://abs.twimg.com/images/themes/theme1/bg.png","profile_image_url_https":"https://pbs.twimg.com/profile_images/1103221580/Picture_3_normal.png"},{"id_str":"2607163646","name":"⋆","screen_name":"tiny_star_field","description":"a small window of stars periodically throughout the day and night","followers_count":122798,"friends_count":4431,"created_at":"Sun Jul 06 09:21:05 +0000 2014","last_tweet_date":"Wed Jun 23 13:43:06 +0000 2021","favourites_count":334,"verified":false,"statuses_count":15351,"profile_background_image_url_https":"https://abs.twimg.com/images/themes/theme1/bg.png","profile_image_url_https":"https://pbs.twimg.com/profile_images/485715541844185088/66kkRc8C_normal.png"},{"id_str":"3701125272","name":"Magic Realism Bot","screen_name":"MagicRealismBot","description":"I generate a magical story every 4 hours. \nMade by @chrisrodley & @yeldora_.","followers_count":137283,"friends_count":0,"created_at":"Sun Sep 27 07:19:16 +0000 2015","last_tweet_date":"Wed Jun 23 12:42:45 +0000 2021","favourites_count":0,"verified":false,"statuses_count":21147,"profile_background_image_url_https":"https://abs.twimg.com/images/themes/theme1/bg.png","profile_image_url_https":"https://pbs.twimg.com/profile_images/668872745329885184/67TNOs2A_normal.png"},{"id_str":"1112712044011311105","name":"WorldWarBot 2020","screen_name":"worldwarbot","description":"How it works: https://t.co/9ZJDYaIL3f\nFB page: https://t.co/rezNlsUsNM \nInstagram: https://t.co/2tVFQmM3Ih\nOur Discord: https://t.co/T3yK1lKKuz\nPatreon: https://t.co/YbIQvQe5H2","followers_count":140448,"friends_count":7,"created_at":"Mon Apr 01 13:43:19 +0000 2019","last_tweet_date":"Sun Jun 13 15:00:24 +0000 2021","favourites_count":53,"verified":false,"statuses_count":4099,"profile_background_image_url_https":"https://abs.twimg.com/images/themes/theme1/bg.png","profile_image_url_https":"https://pbs.twimg.com/profile_images/1112712161942556672/bGGtLB9o_normal.jpg"},{"id_str":"797869498757955589","name":"here's your reminder","screen_name":"tinycarebot","description":"please take a break! for a personal reminder, please tweet me! (bot-in-progress by @jonnysun) (current av: apples, james marion shull, 1912, c/o @pomological)","followers_count":146486,"friends_count":2,"created_at":"Sun Nov 13 18:31:27 +0000 2016","last_tweet_date":"Wed Jun 23 14:58:26 +0000 2021","favourites_count":0,"verified":false,"statuses_count":111420,"profile_background_image_url_https":"https://abs.twimg.com/images/themes/theme1/bg.png","profile_image_url_https":"https://pbs.twimg.com/profile_images/797899593065332737/fRni-Uzr_normal.jpg"},{"id_str":"37861434","name":"SF QuakeBot","screen_name":"earthquakesSF","description":"I am a robot that live-tweets earthquakes in the San Francisco Bay area. Built by @billsnitzer. Data is from the USGS. Get prepared: http://t.co/VtCEbuw6KH","followers_count":151329,"friends_count":6,"created_at":"Tue May 05 04:53:31 +0000 2009","last_tweet_date":"Wed Jun 23 15:03:01 +0000 2021","favourites_count":0,"verified":false,"statuses_count":11672,"profile_background_image_url_https":"https://abs.twimg.com/images/themes/theme1/bg.png","profile_image_url_https":"https://pbs.twimg.com/profile_images/198106312/pink-wave_normal.png"},{"id_str":"333923305","name":"Pépito","screen_name":"PepitoTheCat","description":"I'm a cat. #PepitoArtChallenge","followers_count":151965,"friends_count":9,"created_at":"Tue Jul 12 09:06:50 +0000 2011","last_tweet_date":"Wed Jun 23 03:14:51 +0000 2021","favourites_count":9355,"verified":false,"statuses_count":18613,"profile_background_image_url_https":"https://abs.twimg.com/images/themes/theme9/bg.gif","profile_image_url_https":"https://pbs.twimg.com/profile_images/909485797438640128/sO-YvCEm_normal.jpg"},{"id_str":"838207103852396544","name":"New New York Times","screen_name":"NYT_first_said","description":"Tweets words when they appear in the New York Times for the first time. 🗞️ \n\nQuestions / Concerns: @maxbittker\n\n👁️ Live visualization:","followers_count":153116,"friends_count":12,"created_at":"Sun Mar 05 01:58:41 +0000 2017","last_tweet_date":"Wed Jun 23 09:34:44 +0000 2021","favourites_count":11,"verified":false,"statuses_count":17128,"profile_background_image_url_https":null,"profile_image_url_https":"https://pbs.twimg.com/profile_images/838216867177115648/NbpMB0cI_normal.jpg"},{"id_str":"1145958890296631296","name":"Remind Me Tweets","screen_name":"remindmetweets","description":"NO LONGER FUNCTIONAL. See pinned tweet. Much love and goodbye to the 200K+ followers.","followers_count":178707,"friends_count":2,"created_at":"Tue Jul 02 07:34:25 +0000 2019","last_tweet_date":"Mon Jan 04 05:36:36 +0000 2021","favourites_count":118,"verified":false,"statuses_count":567068,"profile_background_image_url_https":"https://abs.twimg.com/images/themes/theme1/bg.png","profile_image_url_https":"https://pbs.twimg.com/profile_images/1145962680278106113/KJRwzzsn_normal.jpg"},{"id_str":"555129716","name":"Count von Count","screen_name":"CountVonCount","description":"I love to count!","followers_count":182622,"friends_count":10,"created_at":"Mon Apr 16 13:39:25 +0000 2012","last_tweet_date":"Tue Jun 22 22:34:19 +0000 2021","favourites_count":0,"verified":true,"statuses_count":3056,"profile_background_image_url_https":"https://abs.twimg.com/images/themes/theme1/bg.png","profile_image_url_https":"https://pbs.twimg.com/profile_images/1092451995217215490/DzhyYE8d_normal.jpg"},{"id_str":"905505009667846144","name":"Surreal Memes Bot","screen_name":"MemesSurreal","description":"Bot that posts surreal memes from reddit every day, made by @graxcoding  | I own no content posted | r/surrealmemes and r/SurrealApprovals","followers_count":196999,"friends_count":2,"created_at":"Wed Sep 06 18:56:32 +0000 2017","last_tweet_date":"Tue Jun 22 15:40:40 +0000 2021","favourites_count":3,"verified":false,"statuses_count":16076,"profile_background_image_url_https":null,"profile_image_url_https":"https://pbs.twimg.com/profile_images/944540997010231296/OBs8SCpK_normal.jpg"},{"id_str":"1909219404","name":"Every Color","screen_name":"everycolorbot","description":"colors.  all of 'em. | developed by @vogon; feel free to send him feedback/feature requests","followers_count":201644,"friends_count":0,"created_at":"Thu Sep 26 21:22:10 +0000 2013","last_tweet_date":"Wed Jun 23 15:31:55 +0000 2021","favourites_count":3,"verified":false,"statuses_count":66007,"profile_background_image_url_https":"https://abs.twimg.com/images/themes/theme1/bg.png","profile_image_url_https":"https://pbs.twimg.com/profile_images/526752965068345344/apsYsEVk_normal.jpeg"},{"id_str":"1067540921451986945","name":"Remind me of this tweet","screen_name":"RemindMe_OfThis","description":"Ding dong⏰! I'll remind you of any tweet whenever you want. Mention me and tell me when ('in 4 days', 'in a year', 'next month', 'tomorrow night').","followers_count":204078,"friends_count":1,"created_at":"Tue Nov 27 22:09:24 +0000 2018","last_tweet_date":"Wed Jun 23 15:51:07 +0000 2021","favourites_count":8,"verified":false,"statuses_count":754155,"profile_background_image_url_https":null,"profile_image_url_https":"https://pbs.twimg.com/profile_images/1067545066091233287/skJTBIso_normal.jpg"},{"id_str":"2753211428","name":"Simpsons Screens","screen_name":"simpscreens","description":"Tweeting a random frame from The Simpsons 1987-1998 every 30 min.","followers_count":214424,"friends_count":0,"created_at":"Thu Aug 21 22:14:07 +0000 2014","last_tweet_date":"Wed Jun 23 13:30:07 +0000 2021","favourites_count":30,"verified":false,"statuses_count":110549,"profile_background_image_url_https":"https://abs.twimg.com/images/themes/theme1/bg.png","profile_image_url_https":"https://pbs.twimg.com/profile_images/848069971603329025/_AhBm3xi_normal.jpg"},{"id_str":"1354046596862894080","name":"Ace Attorney Court Bot 🏳️‍⚧️ 🏳‍🌈","screen_name":"aceCourtBot","description":"Bot that may transform twitter Threads into Ace Attorney Court cases. Second account @aceCourtBot2 Operated by @LuisMayoV. Ko-fi here https://t.co/Qgm9tfRfjJ","followers_count":217360,"friends_count":6,"created_at":"Tue Jan 26 12:42:04 +0000 2021","last_tweet_date":"Wed Jun 23 15:51:05 +0000 2021","favourites_count":56,"verified":false,"statuses_count":215491,"profile_background_image_url_https":null,"profile_image_url_https":"https://pbs.twimg.com/profile_images/1355186532202782725/dVGQLRh-_normal.jpg"},{"id_str":"944864788336824321","name":"Fuck Every Word 2.0","screen_name":"fckeveryword","description":"Fuck every word in the English language. Task did complete in 2020.\nRip @fuckeveryword. This is an attempt by @Anka213 to resurrect it.","followers_count":251964,"friends_count":10,"created_at":"Sun Dec 24 09:38:15 +0000 2017","last_tweet_date":"Wed Jun 23 15:30:03 +0000 2021","favourites_count":49,"verified":false,"statuses_count":58650,"profile_background_image_url_https":null,"profile_image_url_https":"https://pbs.twimg.com/profile_images/944874497710219264/X0_QAoxM_normal.jpg"},{"id_str":"1150993041513177088","name":"Emoji Mashup Bot","screen_name":"EmojiMashupBot","description":"Tries to create new emojis out of two (or three) random emojis. Bot made by @louanben. Check out my younger brother @EmojiMashupPlus !","followers_count":286210,"friends_count":2,"created_at":"Tue Jul 16 04:58:20 +0000 2019","last_tweet_date":"Wed Jun 23 15:00:09 +0000 2021","favourites_count":11,"verified":false,"statuses_count":15015,"profile_background_image_url_https":null,"profile_image_url_https":"https://pbs.twimg.com/profile_images/1388784780838326274/GGP6OePG_normal.jpg"},{"id_str":"4462881555","name":"ShitpostBot 5000","screen_name":"ShitpostBot5000","description":"Bot-powered randomly generated shitposting every 30 minutes.‌‌‌‌ more info on https://t.co/hw3WNzTrqa\n\n\nran by @shitpostbotmin","followers_count":330981,"friends_count":5,"created_at":"Sat Dec 12 20:34:04 +0000 2015","last_tweet_date":"Wed Jun 23 15:30:09 +0000 2021","favourites_count":8,"verified":false,"statuses_count":88493,"profile_background_image_url_https":"https://abs.twimg.com/images/themes/theme1/bg.png","profile_image_url_https":"https://pbs.twimg.com/profile_images/765508475531173888/pfwCg-uu_normal.jpg"},{"id_str":"37534994","name":"LA QuakeBot","screen_name":"earthquakesLA","description":"I am a robot that tells you about earthquakes in Los Angeles as they happen. Built by @billsnitzer. Data is from the USGS. Get prepared: http://t.co/VtCEbuw6KH","followers_count":395345,"friends_count":6,"created_at":"Sun May 03 23:42:14 +0000 2009","last_tweet_date":"Tue Jun 22 11:05:02 +0000 2021","favourites_count":0,"verified":false,"statuses_count":23041,"profile_background_image_url_https":"https://abs.twimg.com/images/themes/theme2/bg.gif","profile_image_url_https":"https://pbs.twimg.com/profile_images/195602280/Picture_3_normal.png"},{"id_str":"86391789","name":"Big Ben","screen_name":"big_ben_clock","description":"The first, established November 2009 & entirely unofficial. Copyright details here: https://t.co/q8UCMoGQBF, but still apparently imitated everywhere.","followers_count":417666,"friends_count":0,"created_at":"Fri Oct 30 20:38:19 +0000 2009","last_tweet_date":"Wed Jun 23 15:04:04 +0000 2021","favourites_count":3,"verified":false,"statuses_count":94269,"profile_background_image_url_https":"https://abs.twimg.com/images/themes/theme4/bg.gif","profile_image_url_https":"https://pbs.twimg.com/profile_images/1361090628973690881/Js75cJtO_normal.png"},{"id_str":"3233484298","name":"Year Progress","screen_name":"year_progress","description":"The only progress bar you'd rather see go slower. Made by @filiphracek.","followers_count":537724,"friends_count":1,"created_at":"Mon May 04 13:35:27 +0000 2015","last_tweet_date":"Mon Jun 21 14:00:06 +0000 2021","favourites_count":531,"verified":false,"statuses_count":685,"profile_background_image_url_https":"https://abs.twimg.com/images/themes/theme1/bg.png","profile_image_url_https":"https://pbs.twimg.com/profile_images/722531688987820032/gfWnXqTw_normal.jpg"},{"id_str":"4685749051","name":"Progress Bar 2021","screen_name":"ProgressBar202_","description":"Dividing the year into 100 pieces.","followers_count":800508,"friends_count":1,"created_at":"Thu Dec 31 23:06:47 +0000 2015","last_tweet_date":"Mon Jun 21 13:12:03 +0000 2021","favourites_count":91,"verified":false,"statuses_count":553,"profile_background_image_url_https":"https://abs.twimg.com/images/themes/theme1/bg.png","profile_image_url_https":"https://pbs.twimg.com/profile_images/1344796759176990721/2t7Rr1x1_normal.png"},{"id_str":"2907774137","name":"Archillect","screen_name":"archillect","description":"The ocular engine. \nSources: @archillinks\nhttps://t.co/U7Oh7xumQp","followers_count":2528825,"friends_count":1,"created_at":"Sat Dec 06 14:07:45 +0000 2014","last_tweet_date":"Wed Jun 23 15:40:03 +0000 2021","favourites_count":9448,"verified":false,"statuses_count":344256,"profile_background_image_url_https":"https://abs.twimg.com/images/themes/theme19/bg.gif","profile_image_url_https":"https://pbs.twimg.com/profile_images/1045579977067024384/S0luKMwQ_normal.jpg"}]}